,id,name,symbol,slug,num_market_pairs,date_added,tags,max_supply,circulating_supply,total_supply,infinite_supply,platform,cmc_rank,self_reported_circulating_supply,self_reported_market_cap,tvl_ratio,last_updated,quote.USD.price,quote.USD.volume_24h,quote.USD.volume_change_24h,quote.USD.percent_change_1h,quote.USD.percent_change_24h,quote.USD.percent_change_7d,quote.USD.percent_change_30d,quote.USD.percent_change_60d,quote.USD.percent_change_90d,quote.USD.market_cap,quote.USD.market_cap_dominance,quote.USD.fully_diluted_market_cap,quote.USD.tvl,quote.USD.last_updated,platform.id,platform.name,platform.symbol,platform.slug,platform.token_address,timestamp
0,1,Bitcoin,BTC,bitcoin,12280,2010-07-13T00:00:00.000Z,"['mineable', 'pow', 'sha-256', 'store-of-value', 'state-channel', 'coinbase-ventures-portfolio', 'three-arrows-capital-portfolio', 'polychain-capital-portfolio', 'binance-labs-portfolio', 'blockchain-capital-portfolio', 'boostvc-portfolio', 'cms-holdings-portfolio', 'dcg-portfolio', 'dragonfly-capital-portfolio', 'electric-capital-portfolio', 'fabric-ventures-portfolio', 'framework-ventures-portfolio', 'galaxy-digital-portfolio', 'huobi-capital-portfolio', 'alameda-research-portfolio', 'a16z-portfolio', '1confirmation-portfolio', 'winklevoss-capital-portfolio', 'usv-portfolio', 'placeholder-ventures-portfolio', 'pantera-capital-portfolio', 'multicoin-capital-portfolio', 'paradigm-portfolio', 'bitcoin-ecosystem', 'layer-1', 'ftx-bankruptcy-estate', '2017-2018-alt-season', 'us-strategic-crypto-reserve', 'binance-ecosystem', 'binance-listing']",21000000.0,19904321.0,19904321.0,False,,1,,,,2025-08-10T08:04:00.000Z,117744.68840332233,61018579466.15754,10.8195,-0.36250688,0.8310471,3.52587269,0.07178306,7.52423034,12.90682244,2343628074024.705,59.5822,2472638456469.77,,2025-08-10T08:04:00.000Z,,,,,,2025-08-10 08:06:17.924887
1,1027,Ethereum,ETH,ethereum,10435,2015-08-07T00:00:00.000Z,"['pos', 'smart-contracts', 'ethereum-ecosystem', 'coinbase-ventures-portfolio', 'three-arrows-capital-portfolio', 'polychain-capital-portfolio', 'binance-labs-portfolio', 'blockchain-capital-portfolio', 'boostvc-portfolio', 'cms-holdings-portfolio', 'dcg-portfolio', 'dragonfly-capital-portfolio', 'electric-capital-portfolio', 'fabric-ventures-portfolio', 'framework-ventures-portfolio', 'hashkey-capital-portfolio', 'kenetic-capital-portfolio', 'huobi-capital-portfolio', 'alameda-research-portfolio', 'a16z-portfolio', '1confirmation-portfolio', 'winklevoss-capital-portfolio', 'usv-portfolio', 'placeholder-ventures-portfolio', 'pantera-capital-portfolio', 'multicoin-capital-portfolio', 'paradigm-portfolio', 'ethereum-pow-ecosystem', 'layer-1', 'ftx-bankruptcy-estate', 'sora-ecosystem', 'rsk-rbtc-ecosystem', 'world-liberty-financial-portfolio', 'us-strategic-crypto-reserve', 'binance-ecosystem', 'binance-listing']",,120709002.14447872,120709002.14447872,True,,2,,,,2025-08-10T08:04:00.000Z,4170.649389592335,44786989469.56853,-3.5626,-1.36253656,0.00292254,20.60675204,40.15266282,49.46768131,63.85829653,503434926112.17004,12.7989,503434926112.17,,2025-08-10T08:04:00.000Z,,,,,,2025-08-10 08:06:17.924887
2,52,XRP,XRP,xrp,1672,2013-08-04T00:00:00.000Z,"['medium-of-exchange', 'enterprise-solutions', 'xrp-ecosystem', 'arrington-xrp-capital-portfolio', 'galaxy-digital-portfolio', 'a16z-portfolio', 'pantera-capital-portfolio', 'ftx-bankruptcy-estate', '2017-2018-alt-season', 'klaytn-ecosystem', 'made-in-america', 'us-strategic-crypto-reserve', 'binance-ecosystem', 'binance-listing']",100000000000.0,59308385925.0,99985880506.0,False,,3,,,,2025-08-10T08:04:00.000Z,3.1730427883233445,6267724407.975272,-17.1417,-2.38692618,-4.41776208,10.53443644,22.66166785,38.11979817,31.88298709,188188046246.419,4.7843,317304278832.33,,2025-08-10T08:04:00.000Z,,,,,,2025-08-10 08:06:17.924887
3,825,Tether USDt,USDT,tether,140784,2015-02-25T00:00:00.000Z,"['stablecoin', 'asset-backed-stablecoin', 'usd-stablecoin', 'ethereum-pow-ecosystem', 'fiat-stablecoin', 'tron20-ecosystem', 'rsk-rbtc-ecosystem', 'world-liberty-financial-portfolio', 'binance-ecosystem', 'binance-listing', 'peaq-ecosystem', 'apertum-ecosystem']",,164510416936.16895,167783241687.9892,True,,4,,,,2025-08-10T08:03:00.000Z,1.0002628846809136,118536196158.21158,5.2713,0.01106411,0.01323024,0.03061874,-0.01428702,0.03322482,0.00855009,164553664204.63217,4.1835,167827349331.94,,2025-08-10T08:03:00.000Z,1027.0,Ethereum,ETH,ethereum,0xdac17f958d2ee523a2206206994597c13d831ec7,2025-08-10 08:06:17.924887
4,1839,BNB,BNB,bnb,2660,2017-07-25T00:00:00.000Z,"['marketplace', 'centralized-exchange', 'payments', 'smart-contracts', 'alameda-research-portfolio', 'multicoin-capital-portfolio', 'bnb-chain-ecosystem', 'layer-1', 'alleged-sec-securities', 'celsius-bankruptcy-estate', 'binance-ecosystem', 'binance-listing']",,139287995.97,139287995.97,False,,5,,,,2025-08-10T08:04:00.000Z,797.8470217603731,2270490853.5315175,-1.3837,-1.30827864,-1.40366794,6.62076351,16.34702639,18.97342083,20.83264836,111130512751.63535,2.8253,111130512751.64,,2025-08-10T08:04:00.000Z,,,,,,2025-08-10 08:06:17.924887
5,5426,Solana,SOL,solana,967,2020-04-10T00:00:00.000Z,"['pos', 'platform', 'solana-ecosystem', 'cms-holdings-portfolio', 'kenetic-capital-portfolio', 'alameda-research-portfolio', 'multicoin-capital-portfolio', 'okx-ventures-portfolio', 'layer-1', 'ftx-bankruptcy-estate', 'alleged-sec-securities', 'cmc-crypto-awards-2024', 'made-in-america', 'us-strategic-crypto-reserve', 'binance-ecosystem', 'binance-listing']",,539353145.0168493,607188535.8829951,True,,6,525236893.3,93658939261.23535,,2025-08-10T08:04:00.000Z,178.31751816363763,6609369545.980522,11.794,-1.53396479,-1.33319744,10.49299184,9.02838329,6.85923871,1.70363051,96176114233.1571,2.4451,108272352776.07,,2025-08-10T08:04:00.000Z,,,,,,2025-08-10 08:06:17.924887
6,3408,USDC,USDC,usd-coin,30386,2018-10-08T00:00:00.000Z,"['medium-of-exchange', 'stablecoin', 'asset-backed-stablecoin', 'coinbase-ventures-portfolio', 'usd-stablecoin', 'ethereum-pow-ecosystem', 'fiat-stablecoin', 'tron20-ecosystem', 'made-in-america', 'world-liberty-financial-portfolio', 'binance-ecosystem', 'binance-listing']",,65261574393.603264,65261574393.603264,False,,7,60901219650.23,60909707726.68169,,2025-08-10T08:03:00.000Z,1.0001393744903704,12703509481.502628,-11.2423,0.03747851,0.03324512,0.01949361,0.01801838,0.03220372,0.00528364,65270670192.27514,1.6594,65270670192.28,,2025-08-10T08:03:00.000Z,1027.0,Ethereum,ETH,ethereum,0xa0b86991c6218b36c1d19d4a2e9eb0ce3606eb48,2025-08-10 08:06:17.924887
7,74,Dogecoin,DOGE,dogecoin,1270,2013-12-15T00:00:00.000Z,"['mineable', 'pow', 'scrypt', 'medium-of-exchange', 'memes', 'payments', 'doggone-doggerel', 'osmosis-ecosystem', 'ftx-bankruptcy-estate', 'animal-memes', 'made-in-america', 'binance-ecosystem', 'binance-listing']",,150456976383.70523,150456976383.70523,True,,8,,,,2025-08-10T08:04:00.000Z,0.23100961518674368,3336276609.4288883,30.4515,-2.42970197,-1.99888699,17.63584631,17.28741029,14.01873864,-4.71359298,34757008216.56073,0.8836,34757008216.56,,2025-08-10T08:04:00.000Z,,,,,,2025-08-10 08:06:17.924887
8,1958,TRON,TRX,tron,1212,2017-09-13T00:00:00.000Z,"['media', 'payments', 'tron-ecosystem', 'layer-1', 'dwf-labs-portfolio', 'alleged-sec-securities', '2017-2018-alt-season', 'tron20-ecosystem', 'world-liberty-financial-portfolio', 'binance-ecosystem', 'binance-listing']",,94698322523.58076,94698324159.74997,True,,9,71659659264.0,24214915389.983356,,2025-08-10T08:04:00.000Z,0.3379155809375767,714531483.3807714,3.5681,-0.69983582,0.19207533,3.43686077,14.34651324,16.3654955,26.83422485,32000038669.369797,0.8135,32000039222.26,,2025-08-10T08:04:00.000Z,,,,,,2025-08-10 08:06:17.924887
9,2010,Cardano,ADA,cardano,1561,2017-10-01T00:00:00.000Z,"['dpos', 'pos', 'platform', 'research', 'smart-contracts', 'staking', 'cardano-ecosystem', 'cardano', 'layer-1', 'alleged-sec-securities', '2017-2018-alt-season', 'made-in-america', 'us-strategic-crypto-reserve', 'binance-ecosystem', 'binance-listing']",45000000000.0,35427329007.833824,44990971191.62728,False,,10,37997904336.0,30028685218.103725,,2025-08-10T08:04:00.000Z,0.7902721411310552,1239481436.9158528,24.8871,-2.52251241,-2.06276612,9.28540331,12.83505506,9.12813549,-3.92758804,27997231149.575176,0.7118,35562246350.9,,2025-08-10T08:04:00.000Z,,,,,,2025-08-10 08:06:17.924887
10,1975,Chainlink,LINK,chainlink,2060,2017-09-20T00:00:00.000Z,"['platform', 'defi', 'oracles', 'smart-contracts', 'ethereum-ecosystem', 'polkadot', 'heco-ecosystem', 'avalanche-ecosystem', 'solana-ecosystem', 'framework-ventures-portfolio', 'polygon-ecosystem', 'fantom-ecosystem', 'cardano-ecosystem', 'terra-ecosystem', 'web3', 'near-protocol-ecosystem', 'arbitrum-ecosystem', 'cross-chain', 'cardano', 'injective-ecosystem', 'bnb-chain-ecosystem', 'optimism-ecosystem', 'real-world-assets-protocols', 'gnosis-chain-ecosystem', 'sora-ecosystem', 'hoo-smart-chain-ecosystem', 'milkomeda-ecosystem', 'energi-ecosystem', 'made-in-america', 'world-liberty-financial-portfolio', 'binance-ecosystem', 'binance-listing']",,678099970.4527867,1000000000.0,False,,11,,,,2025-08-10T08:04:00.000Z,21.69794778282488,1515649578.446599,9.6802,-3.79025229,4.21490552,35.44834233,41.85903891,40.92131413,24.54569951,14713377750.419659,0.3741,21697947782.82,,2025-08-10T08:04:00.000Z,1027.0,Ethereum,ETH,ethereum,0x514910771af9ca656af840dff83e8264ecf986ca,2025-08-10 08:06:17.924887
11,32196,Hyperliquid,HYPE,hyperliquid,125,2024-07-15T10:14:50.000Z,"['decentralized-exchange-dex-token', 'defi', 'derivatives', 'layer-1', 'hyperliquid-ecosystem', 'binance-ecosystem', 'binance-listing']",1000000000.0,333928180.0,999993930.0,False,,12,333931719.0,14403086577.330988,,2025-08-10T08:04:00.000Z,43.131831323070536,344333737.3061597,43.4195,-1.32325161,0.84648418,12.35843837,-4.92556622,1.27337897,74.53548763,14402933933.779936,0.3662,43131831323.07,,2025-08-10T08:04:00.000Z,32196.0,Hyperliquid,HYPE,hyperliquid,0x0d01dc56dcaaca66ad901c959b4011ec,2025-08-10 08:06:17.924887
12,512,Stellar,XLM,stellar,737,2014-08-05T00:00:00.000Z,"['medium-of-exchange', 'enterprise-solutions', 'decentralized-exchange-dex-token', 'defi', 'smart-contracts', 'hashkey-capital-portfolio', 'real-world-assets-protocols', '2017-2018-alt-season', 'made-in-america', 'binance-ecosystem', 'binance-listing']",50001806812.0,31282835290.466087,50001786892.816536,False,,13,31531408660.0,13759091894.995913,,2025-08-10T08:04:00.000Z,0.4363614719329166,420907121.4134611,-29.6312,-2.23483069,-3.86816938,15.08574024,42.85839123,54.37611507,39.88747002,13650624053.58277,0.347,21818862019.79,,2025-08-10T08:04:00.000Z,,,,,,2025-08-10 08:06:17.924887
13,20947,Sui,SUI,sui,739,2022-07-12T08:03:11.000Z,"['binance-launchpool', 'coinbase-ventures-portfolio', 'binance-labs-portfolio', 'electric-capital-portfolio', 'a16z-portfolio', 'sui-ecosystem', 'layer-1', 'move-vm', 'cmc-crypto-yearbook-2024-2025', 'made-in-america', 'world-liberty-financial-portfolio', 'binance-ecosystem', 'binance-listing']",10000000000.0,3511924479.5699987,10000000000.0,False,,14,3511924479.57,13354885872.913641,,2025-08-10T08:04:00.000Z,3.8027258133263766,1330430702.3243213,-2.896,-2.11321806,-2.85015356,11.01123519,8.92035392,8.34002834,-9.09670214,13354885872.913635,0.3395,38027258133.26,,2025-08-10T08:04:00.000Z,,,,,,2025-08-10 08:06:17.924887
14,1831,Bitcoin Cash,BCH,bitcoin-cash,1046,2017-07-23T00:00:00.000Z,"['mineable', 'pow', 'sha-256', 'marketplace', 'medium-of-exchange', 'store-of-value', 'enterprise-solutions', 'payments', 'layer-1', '2017-2018-alt-season', 'made-in-america', 'binance-ecosystem', 'binance-listing']",21000000.0,19909356.25,19909356.25,False,,15,,,,2025-08-10T08:04:00.000Z,561.7159184386426,482714476.2944694,39.1318,-1.09858815,-4.31168844,3.94036202,7.86738763,26.364892,36.26227429,11183402331.49088,0.2843,11796034287.21,,2025-08-10T08:04:00.000Z,,,,,,2025-08-10 08:06:17.924887
0,1,Bitcoin,BTC,bitcoin,12280,2010-07-13T00:00:00.000Z,"['mineable', 'pow', 'sha-256', 'store-of-value', 'state-channel', 'coinbase-ventures-portfolio', 'three-arrows-capital-portfolio', 'polychain-capital-portfolio', 'binance-labs-portfolio', 'blockchain-capital-portfolio', 'boostvc-portfolio', 'cms-holdings-portfolio', 'dcg-portfolio', 'dragonfly-capital-portfolio', 'electric-capital-portfolio', 'fabric-ventures-portfolio', 'framework-ventures-portfolio', 'galaxy-digital-portfolio', 'huobi-capital-portfolio', 'alameda-research-portfolio', 'a16z-portfolio', '1confirmation-portfolio', 'winklevoss-capital-portfolio', 'usv-portfolio', 'placeholder-ventures-portfolio', 'pantera-capital-portfolio', 'multicoin-capital-portfolio', 'paradigm-portfolio', 'bitcoin-ecosystem', 'layer-1', 'ftx-bankruptcy-estate', '2017-2018-alt-season', 'us-strategic-crypto-reserve', 'binance-ecosystem', 'binance-listing']",21000000.0,19904321.0,19904321.0,False,,1,,,,2025-08-10T08:05:00.000Z,117650.24843321879,60998813945.30978,10.7824,-0.46982351,0.75154583,3.44629281,-0.04707091,7.40342865,12.81602361,2341748310544.5337,59.5344,2470655217097.59,,2025-08-10T08:05:00.000Z,,,,,,2025-08-10 08:07:19.629805
1,1027,Ethereum,ETH,ethereum,10435,2015-08-07T00:00:00.000Z,"['pos', 'smart-contracts', 'ethereum-ecosystem', 'coinbase-ventures-portfolio', 'three-arrows-capital-portfolio', 'polychain-capital-portfolio', 'binance-labs-portfolio', 'blockchain-capital-portfolio', 'boostvc-portfolio', 'cms-holdings-portfolio', 'dcg-portfolio', 'dragonfly-capital-portfolio', 'electric-capital-portfolio', 'fabric-ventures-portfolio', 'framework-ventures-portfolio', 'hashkey-capital-portfolio', 'kenetic-capital-portfolio', 'huobi-capital-portfolio', 'alameda-research-portfolio', 'a16z-portfolio', '1confirmation-portfolio', 'winklevoss-capital-portfolio', 'usv-portfolio', 'placeholder-ventures-portfolio', 'pantera-capital-portfolio', 'multicoin-capital-portfolio', 'paradigm-portfolio', 'ethereum-pow-ecosystem', 'layer-1', 'ftx-bankruptcy-estate', 'sora-ecosystem', 'rsk-rbtc-ecosystem', 'world-liberty-financial-portfolio', 'us-strategic-crypto-reserve', 'binance-ecosystem', 'binance-listing']",,120709002.14447872,120709002.14447872,True,,2,,,,2025-08-10T08:06:00.000Z,4173.671706327786,44702905623.0793,-3.7702,-1.3473189,0.00623581,20.63918353,40.05485489,49.77451968,64.28874026,503799746949.4708,12.8081,503799746949.47,,2025-08-10T08:06:00.000Z,,,,,,2025-08-10 08:07:19.629805
2,52,XRP,XRP,xrp,1672,2013-08-04T00:00:00.000Z,"['medium-of-exchange', 'enterprise-solutions', 'xrp-ecosystem', 'arrington-xrp-capital-portfolio', 'galaxy-digital-portfolio', 'a16z-portfolio', 'pantera-capital-portfolio', 'ftx-bankruptcy-estate', '2017-2018-alt-season', 'klaytn-ecosystem', 'made-in-america', 'us-strategic-crypto-reserve', 'binance-ecosystem', 'binance-listing']",100000000000.0,59308385925.0,99985880506.0,False,,3,,,,2025-08-10T08:06:00.000Z,3.1721355145735446,6297634776.327307,-16.7309,-2.42047857,-4.45282972,10.49389072,22.68957775,37.71114899,32.00787959,188134237304.72626,4.7829,317213551457.35,,2025-08-10T08:06:00.000Z,,,,,,2025-08-10 08:07:19.629805
3,825,Tether USDt,USDT,tether,140785,2015-02-25T00:00:00.000Z,"['stablecoin', 'asset-backed-stablecoin', 'usd-stablecoin', 'ethereum-pow-ecosystem', 'fiat-stablecoin', 'tron20-ecosystem', 'rsk-rbtc-ecosystem', 'world-liberty-financial-portfolio', 'binance-ecosystem', 'binance-listing', 'peaq-ecosystem', 'apertum-ecosystem']",,164510416936.16895,167783241687.9892,True,,4,,,,2025-08-10T08:05:00.000Z,1.0001404910266618,118496519603.18839,5.4215,0.02358048,0.00751296,0.01565711,-0.0053213,0.00635342,0.0185924,164533529173.54086,4.1829,167806813727.87,,2025-08-10T08:05:00.000Z,1027.0,Ethereum,ETH,ethereum,0xdac17f958d2ee523a2206206994597c13d831ec7,2025-08-10 08:07:19.629805
4,1839,BNB,BNB,bnb,2660,2017-07-25T00:00:00.000Z,"['marketplace', 'centralized-exchange', 'payments', 'smart-contracts', 'alameda-research-portfolio', 'multicoin-capital-portfolio', 'bnb-chain-ecosystem', 'layer-1', 'alleged-sec-securities', 'celsius-bankruptcy-estate', 'binance-ecosystem', 'binance-listing']",,139287995.97,139287995.97,False,,5,,,,2025-08-10T08:06:00.000Z,797.5541550329341,2271907421.0400205,-1.2423,-1.37636775,-1.45480394,6.57637554,16.3000775,18.91886741,20.80810489,111089719932.08408,2.8242,111089719932.08,,2025-08-10T08:06:00.000Z,,,,,,2025-08-10 08:07:19.629805
5,5426,Solana,SOL,solana,967,2020-04-10T00:00:00.000Z,"['pos', 'platform', 'solana-ecosystem', 'cms-holdings-portfolio', 'kenetic-capital-portfolio', 'alameda-research-portfolio', 'multicoin-capital-portfolio', 'okx-ventures-portfolio', 'layer-1', 'ftx-bankruptcy-estate', 'alleged-sec-securities', 'cmc-crypto-awards-2024', 'made-in-america', 'us-strategic-crypto-reserve', 'binance-ecosystem', 'binance-listing']",,539353145.0168493,607188535.8829951,True,,6,525236893.3,93584575913.55464,,2025-08-10T08:05:00.000Z,178.17593757661243,6613917366.954848,11.894,-1.61906067,-1.41530777,10.40183607,8.93151811,6.7636334,1.64401946,96099752298.27173,2.4431,108186386666.72,,2025-08-10T08:05:00.000Z,,,,,,2025-08-10 08:07:19.629805
6,3408,USDC,USDC,usd-coin,30386,2018-10-08T00:00:00.000Z,"['medium-of-exchange', 'stablecoin', 'asset-backed-stablecoin', 'coinbase-ventures-portfolio', 'usd-stablecoin', 'ethereum-pow-ecosystem', 'fiat-stablecoin', 'tron20-ecosystem', 'made-in-america', 'world-liberty-financial-portfolio', 'binance-ecosystem', 'binance-listing']",,65261574393.603264,65261574393.603264,False,,7,60901219650.23,60900690197.16761,,2025-08-10T08:05:00.000Z,0.9999913063635599,12701278252.895386,-11.112,0.02421813,0.02043202,-0.00926831,0.00372012,0.00211012,0.00573104,65261007033.20198,1.6591,65261007033.2,,2025-08-10T08:05:00.000Z,1027.0,Ethereum,ETH,ethereum,0xa0b86991c6218b36c1d19d4a2e9eb0ce3606eb48,2025-08-10 08:07:19.629805
7,74,Dogecoin,DOGE,dogecoin,1270,2013-12-15T00:00:00.000Z,"['mineable', 'pow', 'scrypt', 'medium-of-exchange', 'memes', 'payments', 'doggone-doggerel', 'osmosis-ecosystem', 'ftx-bankruptcy-estate', 'animal-memes', 'made-in-america', 'binance-ecosystem', 'binance-listing']",,150456976383.70523,150456976383.70523,True,,8,,,,2025-08-10T08:06:00.000Z,0.23102836379675662,3345857462.326745,30.798,-2.43200125,-1.99408819,17.65360647,17.3117131,13.72762205,-4.53942417,34759829075.73467,0.8837,34759829075.73,,2025-08-10T08:06:00.000Z,,,,,,2025-08-10 08:07:19.629805
8,1958,TRON,TRX,tron,1212,2017-09-13T00:00:00.000Z,"['media', 'payments', 'tron-ecosystem', 'layer-1', 'dwf-labs-portfolio', 'alleged-sec-securities', '2017-2018-alt-season', 'tron20-ecosystem', 'world-liberty-financial-portfolio', 'binance-ecosystem', 'binance-listing']",,94698322523.58076,94698324159.74997,True,,9,71659659264.0,24214538323.243774,,2025-08-10T08:06:00.000Z,0.3379103190267128,715685983.5931079,3.6842,-0.69890855,0.19678725,3.45643293,14.3283155,16.34695921,26.90886262,31999540375.23772,0.8135,31999540928.12,,2025-08-10T08:06:00.000Z,,,,,,2025-08-10 08:07:19.629805
9,2010,Cardano,ADA,cardano,1561,2017-10-01T00:00:00.000Z,"['dpos', 'pos', 'platform', 'research', 'smart-contracts', 'staking', 'cardano-ecosystem', 'cardano', 'layer-1', 'alleged-sec-securities', '2017-2018-alt-season', 'made-in-america', 'us-strategic-crypto-reserve', 'binance-ecosystem', 'binance-listing']",45000000000.0,35427329007.833824,44990971191.62728,False,,10,37997904336.0,30014835603.70622,,2025-08-10T08:06:00.000Z,0.7899076574933513,1242467599.1757662,25.2425,-2.58265393,-2.13291512,9.25426585,12.8360244,8.9131766,-3.81618317,27984318467.824272,0.7114,35545844587.2,,2025-08-10T08:06:00.000Z,,,,,,2025-08-10 08:07:19.629805
10,1975,Chainlink,LINK,chainlink,2060,2017-09-20T00:00:00.000Z,"['platform', 'defi', 'oracles', 'smart-contracts', 'ethereum-ecosystem', 'polkadot', 'heco-ecosystem', 'avalanche-ecosystem', 'solana-ecosystem', 'framework-ventures-portfolio', 'polygon-ecosystem', 'fantom-ecosystem', 'cardano-ecosystem', 'terra-ecosystem', 'web3', 'near-protocol-ecosystem', 'arbitrum-ecosystem', 'cross-chain', 'cardano', 'injective-ecosystem', 'bnb-chain-ecosystem', 'optimism-ecosystem', 'real-world-assets-protocols', 'gnosis-chain-ecosystem', 'sora-ecosystem', 'hoo-smart-chain-ecosystem', 'milkomeda-ecosystem', 'energi-ecosystem', 'made-in-america', 'world-liberty-financial-portfolio', 'binance-ecosystem', 'binance-listing']",,678099970.4527867,1000000000.0,False,,11,,,,2025-08-10T08:06:00.000Z,21.665799527963994,1517567774.6444035,9.8237,-3.99154509,3.9933639,35.19986158,41.58745062,40.6164868,24.6431987,14691578019.748384,0.3735,21665799527.96,,2025-08-10T08:06:00.000Z,1027.0,Ethereum,ETH,ethereum,0x514910771af9ca656af840dff83e8264ecf986ca,2025-08-10 08:07:19.629805
11,32196,Hyperliquid,HYPE,hyperliquid,125,2024-07-15T10:14:50.000Z,"['decentralized-exchange-dex-token', 'defi', 'derivatives', 'layer-1', 'hyperliquid-ecosystem', 'binance-ecosystem', 'binance-listing']",1000000000.0,333928180.0,999993930.0,False,,12,333931719.0,14399000778.262156,,2025-08-10T08:06:00.000Z,43.11959589038667,344380044.8340949,43.3908,-1.35800153,0.7809227,12.44370772,-5.00848974,1.10621265,73.52804108,14398848178.0123,0.3661,43119595890.39,,2025-08-10T08:06:00.000Z,32196.0,Hyperliquid,HYPE,hyperliquid,0x0d01dc56dcaaca66ad901c959b4011ec,2025-08-10 08:07:19.629805
12,512,Stellar,XLM,stellar,737,2014-08-05T00:00:00.000Z,"['medium-of-exchange', 'enterprise-solutions', 'decentralized-exchange-dex-token', 'defi', 'smart-contracts', 'hashkey-capital-portfolio', 'real-world-assets-protocols', '2017-2018-alt-season', 'made-in-america', 'binance-ecosystem', 'binance-listing']",50001806812.0,31282835290.466087,50001786892.816536,False,,13,31531408660.0,13756590521.531342,,2025-08-10T08:06:00.000Z,0.4362821423510529,422656308.64185816,-29.3046,-2.2662088,-3.88506972,15.09465235,42.88586502,54.22929271,40.09181133,13648142399.339666,0.347,21814895397.36,,2025-08-10T08:06:00.000Z,,,,,,2025-08-10 08:07:19.629805
13,20947,Sui,SUI,sui,739,2022-07-12T08:03:11.000Z,"['binance-launchpool', 'coinbase-ventures-portfolio', 'binance-labs-portfolio', 'electric-capital-portfolio', 'a16z-portfolio', 'sui-ecosystem', 'layer-1', 'move-vm', 'cmc-crypto-yearbook-2024-2025', 'made-in-america', 'world-liberty-financial-portfolio', 'binance-ecosystem', 'binance-listing']",10000000000.0,3511924479.5699987,10000000000.0,False,,14,3511924479.57,13362031041.502392,,2025-08-10T08:06:00.000Z,3.804760358382888,1334372725.051052,-2.6165,-2.11378747,-2.81728754,11.01441898,8.95938147,8.30571107,-8.40990008,13362031041.502386,0.3397,38047603583.83,,2025-08-10T08:06:00.000Z,,,,,,2025-08-10 08:07:19.629805
14,1831,Bitcoin Cash,BCH,bitcoin-cash,1046,2017-07-23T00:00:00.000Z,"['mineable', 'pow', 'sha-256', 'marketplace', 'medium-of-exchange', 'store-of-value', 'enterprise-solutions', 'payments', 'layer-1', '2017-2018-alt-season', 'made-in-america', 'binance-ecosystem', 'binance-listing']",21000000.0,19909356.25,19909356.25,False,,15,,,,2025-08-10T08:06:00.000Z,561.6796846243999,483720555.98562616,39.4464,-1.12691405,-4.31644653,4.04846337,7.86964443,26.29533858,36.37280986,11182680939.574825,0.2843,11795273377.11,,2025-08-10T08:06:00.000Z,,,,,,2025-08-10 08:07:19.629805
0,1,Bitcoin,BTC,bitcoin,12280,2010-07-13T00:00:00.000Z,"['mineable', 'pow', 'sha-256', 'store-of-value', 'state-channel', 'coinbase-ventures-portfolio', 'three-arrows-capital-portfolio', 'polychain-capital-portfolio', 'binance-labs-portfolio', 'blockchain-capital-portfolio', 'boostvc-portfolio', 'cms-holdings-portfolio', 'dcg-portfolio', 'dragonfly-capital-portfolio', 'electric-capital-portfolio', 'fabric-ventures-portfolio', 'framework-ventures-portfolio', 'galaxy-digital-portfolio', 'huobi-capital-portfolio', 'alameda-research-portfolio', 'a16z-portfolio', '1confirmation-portfolio', 'winklevoss-capital-portfolio', 'usv-portfolio', 'placeholder-ventures-portfolio', 'pantera-capital-portfolio', 'multicoin-capital-portfolio', 'paradigm-portfolio', 'bitcoin-ecosystem', 'layer-1', 'ftx-bankruptcy-estate', '2017-2018-alt-season', 'us-strategic-crypto-reserve', 'binance-ecosystem', 'binance-listing']",21000000.0,19904321.0,19904321.0,False,,1,,,,2025-08-10T08:07:00.000Z,117711.23354277018,61067737672.13304,8.8571,-0.42390996,0.76710528,3.48971407,-0.04979774,7.50126896,12.87135699,2342962177741.2646,59.6933,2471935904398.17,,2025-08-10T08:07:00.000Z,,,,,,2025-08-10 08:08:21.149474
1,1027,Ethereum,ETH,ethereum,10435,2015-08-07T00:00:00.000Z,"['pos', 'smart-contracts', 'ethereum-ecosystem', 'coinbase-ventures-portfolio', 'three-arrows-capital-portfolio', 'polychain-capital-portfolio', 'binance-labs-portfolio', 'blockchain-capital-portfolio', 'boostvc-portfolio', 'cms-holdings-portfolio', 'dcg-portfolio', 'dragonfly-capital-portfolio', 'electric-capital-portfolio', 'fabric-ventures-portfolio', 'framework-ventures-portfolio', 'hashkey-capital-portfolio', 'kenetic-capital-portfolio', 'huobi-capital-portfolio', 'alameda-research-portfolio', 'a16z-portfolio', '1confirmation-portfolio', 'winklevoss-capital-portfolio', 'usv-portfolio', 'placeholder-ventures-portfolio', 'pantera-capital-portfolio', 'multicoin-capital-portfolio', 'paradigm-portfolio', 'ethereum-pow-ecosystem', 'layer-1', 'ftx-bankruptcy-estate', 'sora-ecosystem', 'rsk-rbtc-ecosystem', 'world-liberty-financial-portfolio', 'us-strategic-crypto-reserve', 'binance-ecosystem', 'binance-listing']",,120709002.14447872,120709002.14447872,True,,2,,,,2025-08-10T08:07:00.000Z,4172.7691303066285,45323361105.33368,-3.1336,-1.35283196,-0.04882498,20.65935767,40.0565766,49.69436836,63.8953288,503690797898.5974,12.8329,503690797898.6,,2025-08-10T08:07:00.000Z,,,,,,2025-08-10 08:08:21.149474
2,52,XRP,XRP,xrp,1672,2013-08-04T00:00:00.000Z,"['medium-of-exchange', 'enterprise-solutions', 'xrp-ecosystem', 'arrington-xrp-capital-portfolio', 'galaxy-digital-portfolio', 'a16z-portfolio', 'pantera-capital-portfolio', 'ftx-bankruptcy-estate', '2017-2018-alt-season', 'klaytn-ecosystem', 'made-in-america', 'us-strategic-crypto-reserve', 'binance-ecosystem', 'binance-listing']",100000000000.0,59308385925.0,99985880506.0,False,,3,,,,2025-08-10T08:07:00.000Z,3.169571640095448,6323591611.922356,-16.3686,-2.53181404,-4.55727033,10.40449047,22.58823289,37.53559594,31.84933254,187982178047.71603,4.7894,316957164009.54,,2025-08-10T08:07:00.000Z,,,,,,2025-08-10 08:08:21.149474
3,825,Tether USDt,USDT,tether,140785,2015-02-25T00:00:00.000Z,"['stablecoin', 'asset-backed-stablecoin', 'usd-stablecoin', 'ethereum-pow-ecosystem', 'fiat-stablecoin', 'tron20-ecosystem', 'rsk-rbtc-ecosystem', 'world-liberty-financial-portfolio', 'binance-ecosystem', 'binance-listing', 'peaq-ecosystem', 'apertum-ecosystem']",,164510416936.16895,167783241687.9892,True,,4,,,,2025-08-10T08:06:00.000Z,1.0001872855202714,118610552230.79474,5.4908,0.01297232,0.00438846,0.02312501,-0.00615484,0.0142266,0.02125996,164541227355.1949,4.1831,167814665059.7,,2025-08-10T08:06:00.000Z,1027.0,Ethereum,ETH,ethereum,0xdac17f958d2ee523a2206206994597c13d831ec7,2025-08-10 08:08:21.149474
4,1839,BNB,BNB,bnb,2660,2017-07-25T00:00:00.000Z,"['marketplace', 'centralized-exchange', 'payments', 'smart-contracts', 'alameda-research-portfolio', 'multicoin-capital-portfolio', 'bnb-chain-ecosystem', 'layer-1', 'alleged-sec-securities', 'celsius-bankruptcy-estate', 'binance-ecosystem', 'binance-listing']",,139287995.97,139287995.97,False,,5,,,,2025-08-10T08:07:00.000Z,796.7379266163305,2275126853.580343,-0.8667,-1.59831321,-1.579265,6.467223,16.18451647,18.77966539,20.63477652,110976029111.6816,2.8274,110976029111.68,,2025-08-10T08:07:00.000Z,,,,,,2025-08-10 08:08:21.149474
5,5426,Solana,SOL,solana,967,2020-04-10T00:00:00.000Z,"['pos', 'platform', 'solana-ecosystem', 'cms-holdings-portfolio', 'kenetic-capital-portfolio', 'alameda-research-portfolio', 'multicoin-capital-portfolio', 'okx-ventures-portfolio', 'layer-1', 'ftx-bankruptcy-estate', 'alleged-sec-securities', 'cmc-crypto-awards-2024', 'made-in-america', 'us-strategic-crypto-reserve', 'binance-ecosystem', 'binance-listing']",,539353145.0168493,607188535.8829951,True,,6,525236893.3,93558819875.75006,,2025-08-10T08:07:00.000Z,178.1269005837181,6628292404.131691,12.2874,-1.70594319,-1.51076826,10.36338007,8.90754678,6.70309231,1.81312429,96073304041.932,2.4477,108156611966.8,,2025-08-10T08:07:00.000Z,,,,,,2025-08-10 08:08:21.149474
6,3408,USDC,USDC,usd-coin,30386,2018-10-08T00:00:00.000Z,"['medium-of-exchange', 'stablecoin', 'asset-backed-stablecoin', 'coinbase-ventures-portfolio', 'usd-stablecoin', 'ethereum-pow-ecosystem', 'fiat-stablecoin', 'tron20-ecosystem', 'made-in-america', 'world-liberty-financial-portfolio', 'binance-ecosystem', 'binance-listing']",,65261574393.603264,65261574393.603264,False,,7,60901219650.23,60895387389.84748,,2025-08-10T08:06:00.000Z,0.99990423409554,12400636448.711035,-13.2092,0.00060493,0.00781737,-0.01033459,0.00964748,0.0017785,0.00067215,65255324559.904976,1.659,65255324559.9,,2025-08-10T08:06:00.000Z,1027.0,Ethereum,ETH,ethereum,0xa0b86991c6218b36c1d19d4a2e9eb0ce3606eb48,2025-08-10 08:08:21.149474
7,74,Dogecoin,DOGE,dogecoin,1270,2013-12-15T00:00:00.000Z,"['mineable', 'pow', 'scrypt', 'medium-of-exchange', 'memes', 'payments', 'doggone-doggerel', 'osmosis-ecosystem', 'ftx-bankruptcy-estate', 'animal-memes', 'made-in-america', 'binance-ecosystem', 'binance-listing']",,150456976383.70523,150456976383.70523,True,,8,,,,2025-08-10T08:07:00.000Z,0.23074876683551848,3354902182.504484,31.1571,-2.60895174,-2.1385126,17.51459143,17.17577264,13.57789584,-4.76015834,34717761762.340706,0.8845,34717761762.34,,2025-08-10T08:07:00.000Z,,,,,,2025-08-10 08:08:21.149474
8,1958,TRON,TRX,tron,1212,2017-09-13T00:00:00.000Z,"['media', 'payments', 'tron-ecosystem', 'layer-1', 'dwf-labs-portfolio', 'alleged-sec-securities', '2017-2018-alt-season', 'tron20-ecosystem', 'world-liberty-financial-portfolio', 'binance-ecosystem', 'binance-listing']",,94698322523.58076,94698324159.74997,True,,9,71659659264.0,24204835838.074448,,2025-08-10T08:07:00.000Z,0.3377749222739375,717307988.933237,3.8469,-0.72494844,0.17118774,3.40389718,14.28297864,16.29588945,26.84918196,31986718529.87476,0.8149,31986719082.53,,2025-08-10T08:07:00.000Z,,,,,,2025-08-10 08:08:21.149474
9,2010,Cardano,ADA,cardano,1561,2017-10-01T00:00:00.000Z,"['dpos', 'pos', 'platform', 'research', 'smart-contracts', 'staking', 'cardano-ecosystem', 'cardano', 'layer-1', 'alleged-sec-securities', '2017-2018-alt-season', 'made-in-america', 'us-strategic-crypto-reserve', 'binance-ecosystem', 'binance-listing']",45000000000.0,35427329007.833824,44990971191.62728,False,,10,37997904336.0,29996493637.91697,,2025-08-10T08:07:00.000Z,0.7894249475621126,1244873499.32461,25.4819,-2.7085774,-2.2612144,9.18352304,12.76558984,8.84345884,-3.89447034,27967217344.274925,0.7125,35524122640.3,,2025-08-10T08:07:00.000Z,,,,,,2025-08-10 08:08:21.149474
10,1975,Chainlink,LINK,chainlink,2060,2017-09-20T00:00:00.000Z,"['platform', 'defi', 'oracles', 'smart-contracts', 'ethereum-ecosystem', 'polkadot', 'heco-ecosystem', 'avalanche-ecosystem', 'solana-ecosystem', 'framework-ventures-portfolio', 'polygon-ecosystem', 'fantom-ecosystem', 'cardano-ecosystem', 'terra-ecosystem', 'web3', 'near-protocol-ecosystem', 'arbitrum-ecosystem', 'cross-chain', 'cardano', 'injective-ecosystem', 'bnb-chain-ecosystem', 'optimism-ecosystem', 'real-world-assets-protocols', 'gnosis-chain-ecosystem', 'sora-ecosystem', 'hoo-smart-chain-ecosystem', 'milkomeda-ecosystem', 'energi-ecosystem', 'made-in-america', 'world-liberty-financial-portfolio', 'binance-ecosystem', 'binance-listing']",,678099970.4527867,1000000000.0,False,,11,,,,2025-08-10T08:06:00.000Z,21.665799527963994,1517567774.6444035,9.8237,-3.99154509,3.9933639,35.19986158,41.58745062,40.6164868,24.6431987,14691578019.748384,0.3735,21665799527.96,,2025-08-10T08:06:00.000Z,1027.0,Ethereum,ETH,ethereum,0x514910771af9ca656af840dff83e8264ecf986ca,2025-08-10 08:08:21.149474
11,32196,Hyperliquid,HYPE,hyperliquid,125,2024-07-15T10:14:50.000Z,"['decentralized-exchange-dex-token', 'defi', 'derivatives', 'layer-1', 'hyperliquid-ecosystem', 'binance-ecosystem', 'binance-listing']",1000000000.0,333928180.0,999993930.0,False,,12,333931719.0,14388078213.915218,,2025-08-10T08:07:00.000Z,43.08688691509182,341801040.970158,41.77,-1.47073614,0.53538989,12.35885902,-5.09664682,1.01848559,73.39323063,14387925729.422424,0.3666,43086886915.09,,2025-08-10T08:07:00.000Z,32196.0,Hyperliquid,HYPE,hyperliquid,0x0d01dc56dcaaca66ad901c959b4011ec,2025-08-10 08:08:21.149474
12,512,Stellar,XLM,stellar,737,2014-08-05T00:00:00.000Z,"['medium-of-exchange', 'enterprise-solutions', 'decentralized-exchange-dex-token', 'defi', 'smart-contracts', 'hashkey-capital-portfolio', 'real-world-assets-protocols', '2017-2018-alt-season', 'made-in-america', 'binance-ecosystem', 'binance-listing']",50001806812.0,31282835290.466087,50001786892.816536,False,,13,31531408660.0,13738793223.647148,,2025-08-10T08:07:00.000Z,0.4357177115615471,424334364.572218,-29.0014,-2.46126506,-4.04326642,14.9583424,42.68448301,54.0325185,39.91019047,13630485403.91869,0.3473,21786672838.07,,2025-08-10T08:07:00.000Z,,,,,,2025-08-10 08:08:21.149474
13,20947,Sui,SUI,sui,739,2022-07-12T08:03:11.000Z,"['binance-launchpool', 'coinbase-ventures-portfolio', 'binance-labs-portfolio', 'electric-capital-portfolio', 'a16z-portfolio', 'sui-ecosystem', 'layer-1', 'move-vm', 'cmc-crypto-yearbook-2024-2025', 'made-in-america', 'world-liberty-financial-portfolio', 'binance-ecosystem', 'binance-listing']",10000000000.0,3511924479.5699987,10000000000.0,False,,14,3511924479.57,13357092158.349998,,2025-08-10T08:07:00.000Z,3.803354040228519,1338823308.168952,-2.2445,-2.26333775,-2.9041275,10.96086136,8.93378777,8.25997904,-8.49506705,13357092158.349993,0.3403,38033540402.29,,2025-08-10T08:07:00.000Z,,,,,,2025-08-10 08:08:21.149474
14,1831,Bitcoin Cash,BCH,bitcoin-cash,1046,2017-07-23T00:00:00.000Z,"['mineable', 'pow', 'sha-256', 'marketplace', 'medium-of-exchange', 'store-of-value', 'enterprise-solutions', 'payments', 'layer-1', '2017-2018-alt-season', 'made-in-america', 'binance-ecosystem', 'binance-listing']",21000000.0,19909356.25,19909356.25,False,,15,,,,2025-08-10T08:07:00.000Z,561.356528115946,484703311.16183066,39.7407,-1.24257333,-4.38644813,4.00514771,7.80728867,26.22406526,36.26625986,11176247101.523512,0.2847,11788487090.43,,2025-08-10T08:07:00.000Z,,,,,,2025-08-10 08:08:21.149474
